<?xml version="1.0" encoding="UTF-8"?>
<project-private xmlns="http://www.netbeans.org/ns/project-private/1">
    <editor-bookmarks xmlns="http://www.netbeans.org/ns/editor-bookmarks/2" lastBookmarkId="0"/>
    <open-files xmlns="http://www.netbeans.org/ns/projectui-open-files/2">
        <group name="joki">
            <file>file:/D:/Documents/NetBeansProjects/2012501116_FarillAndikaWardana_UAS_IPBO_AA_Gasal_2223/SI_Kepegawaian_BudiLuhur/src/View/frmPegawai.java</file>
            <file>file:/D:/Documents/NetBeansProjects/2012501116_FarillAndikaWardana_UAS_IPBO_AA_Gasal_2223/SI_Kepegawaian_BudiLuhur/src/View/frmJabatan.java</file>
        </group>
    </open-files>
</project-private>
