Pagu,LT,BT
1560,-6.78355361013266,111.781802614027
7300,-6.77228108720044,111.725224646701
670,-6.87930232876153,112.020209557951
1460,-6.77055419333396,111.735666916599
5940,-6.76973751004239,111.719349428689
1140,-6.77115876836813,111.725034917983
730,-6.81235387639841,111.810269297612
850,-6.7877123971636,111.742244969924
2030,-6.811390618481,111.764987742281
1910,-6.82256870531328,111.741753619733
4590,-6.77199681499647,111.691883983951
2380,-6.80548783665792,111.809497505655
2310,-6.80763264129888,111.779373212962
3000,-6.82123607745948,111.694207215383
2060,-6.80888630133742,111.768274240785
2000,-6.7957647415561,111.752470674657
2670,-6.79519491277554,111.72679805476
1410,-6.89324123210692,112.058746469949
3070,-6.81909976639513,111.773650768361
2570,-6.76605376995013,111.712346607082
1930,-6.8083834542483,111.74413759586
1760,-6.8026884310812,111.711210948029
1920,-6.77991804801631,111.727659758983
5210,-6.7779526,111.6670969
6660,-6.96236968621309,111.715503808876
4080,-6.95617479207485,111.714397441301
1990,-6.99348551126969,111.689869656532
1790,-6.98169724255746,111.710845632019
1570,-6.97685375745411,111.722098011831
2000,-6.93403063236743,111.691819599051
2110,-6.95668104368909,111.718921927427
1400,-6.97543640200128,111.686950806588
4830,-6.90707560249353,111.740167258716
1380,-6.9839162052221,111.71659681224
2830,-6.91248154933089,111.695432889604
3630,-6.90159150917368,111.735337552752
3330,-6.96658674967293,111.685829045662
1540,-6.97700367156331,111.719259180707
5530,-7.04855289553911,111.959923514134
2570,-7.01746007433981,112.025634017498
2420,-7.00547017886138,112.030160222119
7870,-6.99610188286545,111.987932786873
5970,-7.01569565526213,111.98123828818
1460,-7.01807784582883,112.034624035888
7280,-7.01507507445067,112.006747995571
1480,-7.0368659,111.9332781
3030,-7.02445504339835,111.945809749111
2860,-7.00193777717985,112.04966584377
6010,-7.00092861504678,111.964634027643
860,-6.8288653010823,111.662417511994
2060,-6.84477610835522,111.656037112861
770,-6.88406472226359,111.69234484076
1390,-6.90209661063382,111.704240236738
3410,-6.87724653801304,111.668827717752
730,-7.00505057220128,112.014303189296
1010,-6.87602458435118,111.633041349034
1740,-6.86480485176045,111.625890225627
1630,-6.85895448519867,111.687328794692
1480,-6.85989187118065,111.687414660938
1710,-6.82706463977921,111.680642062098
1780,-6.87148623892539,111.644604350004
2350,-6.87695733000943,111.66175486088
1800,-6.86873068683605,111.716849911858
1030,-6.90960032470116,111.676553077898
2210,-6.88132102459557,111.665219576633
2480,-6.84614184850596,111.626168375907
4120,-6.88097116119446,111.651142856992
3960,-6.82912399290014,112.000292752678
3230,-6.83620193751871,112.002635980179
1780,-6.83007476397976,111.99559103431
1610,-6.82597047047029,112.006815954455
2750,-6.79799771221791,111.961430802351
2950,-6.78939772713112,111.983026969787
1420,-6.78437202271554,111.922906759215
1990,-6.79671188155132,111.978848499038
1980,-6.7751665186515,111.963184774127
1860,-6.84053598185827,112.001698951438
2850,-6.78994190359843,111.897149443097
3710,-6.86242823488281,112.024267725286
3470,-6.78964658435817,111.964725427875
2930,-6.83875421215875,111.982182452929
2210,-6.77115664944211,111.937822494923
4170,-6.79238391175928,111.91717035872
2280,-6.81315813490704,111.983986368365
1950,-6.95227556983379,111.643386521853
3370,-6.95963594432748,111.617742169951
2460,-6.92484147871937,111.585535043056
3560,-6.90924457904932,111.660894889781
5490,-6.91558884170638,111.624737760561
2770,-6.93604541342788,111.674329797631
4460,-6.92509432691738,111.669021412108
2290,-6.93949657464635,111.593946029813
3080,-6.90747366756862,111.612571724963
6810,-6.88047420585833,111.860394405079
3970,-6.87323738901442,111.808071306649
1740,-6.93170281074931,111.876820476825
4690,-6.89621086498852,111.884801235535
3260,-6.89554210649883,111.906940427433
730,-6.87350304505793,111.885586340857
2400,-6.87893615121075,111.875104415716
3500,-6.89522436262393,111.888535169907
4550,-6.8887926382787,111.877264885348
1760,-6.83080728869515,111.890107422664
1700,-6.89859070735549,111.904617414271
7500,-6.91940042526841,111.821477269952
1120,-6.87818287296564,111.894578848132
780,-6.90161819311259,111.890935690439
2710,-6.91476142547688,111.84775162804
2290,-6.88229054910822,111.815045021141
5790,-6.86352981431171,111.840449449457
1460,-6.88008413766075,112.015915982874
2150,-6.86683233204172,111.970982684973
3130,-6.8863386780905,111.989332607172
3170,-6.88011608293724,111.994931801509
4540,-6.86733927485681,111.947820447599
1250,-6.87908574508573,111.984965543011
1540,-7.16407990779744,112.150362983154
1300,-6.87448686599417,112.000171528046
3820,-6.87051526135648,111.960262112443
3910,-6.84022640789868,111.948713170341
1490,-6.85988759356227,111.984405967749
1230,-6.86548884899627,112.007926425845
5820,-6.89533645313009,111.992060067433
4700,-6.90293049690923,112.004978701443
4080,-6.86350218760803,111.935271367574
1710,-6.85295658242873,111.924757082176
1840,-6.83859137193702,111.933807142948
2280,-6.87324309637955,111.971185685285
4070,-6.873852463092,111.980413440823
3710,-7.0062898150263,111.903415614372
2950,-6.9528458420497,111.826722853296
8800,-7.14846033331369,111.873369812474
2760,-7.01025150337177,111.919565281475
2050,-7.01645736638492,111.840096187379
4130,-6.94752041031272,111.880786527137
1360,-6.97729547315106,111.837707153351
2090,-6.95193455023426,111.897670817751
3640,-6.94375393647389,111.902756843221
6130,-6.95964970075807,111.905697008798
4880,-6.95265768023093,111.859430650658
1730,-6.94975761787536,111.918731965664
3170,-6.99133724763679,111.851438138278
3250,-6.92505625758705,112.135711297517
3810,-6.91957517439067,112.169441914295
2410,-6.92789954153163,112.112992142599
2800,-6.89909060783753,112.136681476004
5230,-6.90607306108866,112.149043876447
7420,-6.89737385037248,112.166386349688
2430,-6.92189666552477,112.179494103756
2440,-6.8997301546215,112.120493460803
5260,-6.92070847783306,112.148785312164
4920,-6.92087822620471,112.149386141811
4870,-7.27968432907635,112.210139531528
3790,-6.90067575798318,112.141154716204
3030,-6.89408325997043,112.087975682083
1790,-6.89989749640345,112.17281598835
3370,-6.92038072901223,112.14134441943
2250,-6.90799192324023,112.107383830049
4000,-6.89788066372475,112.095397485414
4450,-6.92694167096079,112.09865236898
4370,-6.92625589500305,112.167085351976
1910,-7.08478828429427,111.846216516204
1640,-7.07997577622539,111.843040634557
3430,-7.01469815485182,111.888873530611
800,-7.05746068118722,111.800201356752
4490,-7.07483238082882,111.831552288692
1880,-7.06023465485087,111.808860707434
2990,-7.10302941966038,111.848001429738
4080,-7.10812374754662,111.878365570174
2600,-7.03485132816802,111.807445056607
1880,-7.05711119085119,111.869886127686
2810,-7.0682669165227,111.843033673394
3910,-7.11125825090735,111.860936622274
2210,-7.18245409586252,111.872282318775
1850,-7.1290547,111.8760275
3460,-7.10097864862321,111.865814531069
3000,-7.12210387725283,112.117431796141
2840,-7.04520163084964,111.808115776023
3060,-7.03512662453253,111.868437698952
3440,-7.0829830,112.1082754
1820,-7.02595534452788,112.091504586152
5040,-7.0304992,112.1109131
6280,-7.08225262470056,112.126794433123
2780,-6.87031557519411,111.877447591331
6390,-7.0651228812631,112.136405956414
3370,-7.04770879972319,112.076836998541
5040,-7.03287050584134,112.070926864652
7620,-7.07611286334991,112.122645557092
5760,-7.02995927343222,112.126056597296
2150,-7.01732400029004,112.102997258266
8880,-7.0291582739267,112.135138470038
3360,-7.0808304790674,112.091358085007
8580,-7.10553343107636,112.342890324218
1890,-7.07024510085136,112.089079410689
6450,-6.99877895320333,112.108591694922
4470,-7.02670442387335,112.092234658473
2630,-7.03266620325017,112.062880022926
2500,-7.03624394724656,112.048975303046
4270,-7.064015264054,112.057721871668
6280,-7.08869554335086,111.975469217797
3580,-7.06495254059687,112.044074550318
2660,-7.09312339793192,112.002250021452
4400,-7.10797760683654,111.988064966321
2200,-7.08681309326712,111.969757410238
5490,-7.06827997111696,111.984186972051
3530,-7.07001417795497,112.013461481976
6340,-7.06967212048396,111.975437995611
2540,-7.06067407090594,112.07201186849
3880,-7.04748798773294,112.028719684604
5780,-7.06177715882425,112.008858044633
2370,-7.06753481623576,112.00550249172
2720,-7.06262918749633,112.010511682331
2060,-7.12412399289432,112.001485700701
2180,-6.92317172564129,112.063168973057
10470,-6.94105169875081,112.048988250079
2090,-6.91310364571804,112.001738143744
3470,-6.90478494451986,112.063925473142
5490,-6.95873207992671,112.084935027392
4150,-6.96281965659695,112.108197798606
6080,-6.93406352157252,111.996416290503
710,-6.91067840368972,112.054525864838
4940,-6.94339598771865,112.085878789833
3980,-6.94846412951726,112.059288741875
6770,-6.9425445234531,112.060902441046
8250,-6.9228734270829,112.052010774381
720,-6.92479093285401,112.054972018635
4570,-6.97309111198462,112.06093339912
1540,-6.92008721013767,112.062677753174
1900,-6.91382167366201,112.0517216545
4480,-6.93947537488192,112.099440630625
1720,-7.06217750324293,111.696636171887
6130,-7.01217976943741,111.721400341073
4660,-7.0309921486329,111.70180642909
3840,-7.05855920655041,111.776573640782
3220,-7.01982000688328,111.716685524831
7090,-6.99886434405214,111.711706831565
5440,-7.05367118966489,111.774225067802
3690,-7.00167667994721,111.727604290879
5400,-7.03217122721146,111.741508857361
3850,-7.0168349310992,111.728119011835
1720,-7.02169515917014,111.735224200124
2050,-7.07283848442915,111.711461729913
2380,-7.02421557183816,111.775316041154
5290,-7.00660236795509,111.790271689293
3560,-6.96323407887743,111.748810330211
2510,-6.96255254346805,111.748467011367
2600,-6.99671329994643,111.774334730388
10840,-6.9714942608056,111.785271483971
2740,-6.99761996052731,111.791694625653
5710,-7.02132247910556,111.78677970701
2790,-6.97560693394012,111.755412154959
2600,-7.0048927171392,111.770106169894
4880,-6.97374307547529,111.793284740038
3570,-7.00602449129509,111.786935969892
5130,-7.10559873945088,111.953663199137
2830,-7.08154714953593,111.916039485489
2580,-7.1471608251388,111.981961801054
5660,-7.06457899689279,111.960261755985
3410,-7.088721993113,111.907678604772
8880,-7.0748861093854,111.947248991191
2900,-7.15196772517521,111.939877499255
2420,-7.1270060370999,111.990998614546
6410,-7.05958758862116,111.91900175392
2090,-7.13561306637947,111.910261383436
4960,-7.10831516976941,111.932442643736
4750,-7.13630182561099,111.945070883193
4290,-7.07348860965833,111.958325398764
3450,-7.10588438876129,111.918321605401
4340,-7.12798417918219,111.963264396242
8810,-7.11588905560333,111.968413601019
4440,-7.10483853213521,111.967903699237
5840,-7.11788616673099,111.968609554469
3980,-7.12711516515923,111.932527584656
7130,-7.11263597015077,111.947998381521
5420,-7.0961547432747,111.961001756384
2890,-7.06134547357031,111.905416132404
2820,-7.04856542061014,111.907818805916
860,-6.82783215696138,111.808778428691
2170,-6.82519040131747,111.814614741576
1890,-6.81266228243606,111.843453968731
1790,-6.87111969425658,111.782434576266
1660,-6.80141268609762,111.83229586988
2610,-6.7929751326144,111.893149812602
1380,-6.80072093246482,111.8501044589
2500,-6.81611402049479,111.839248218784
3230,-6.85820560073873,111.802854312307
2420,-6.80635593358047,111.890102992595
1620,-6.87665191510946,111.782135270242
1750,-6.80132751419814,111.836287047132
730,-6.84676787753825,111.779340941756
1220,-6.80759158088131,111.82191044373
3840,-6.80955159876752,111.868602576907
1500,-6.80131793212401,111.861406140871
1160,-6.8196839913616,111.822782952245
2340,-6.80188142160591,111.844741385521
1990,-6.89778091066246,112.069795753766
1430,-6.90082731384511,112.055825945437
2060,-6.88754271287855,112.051931985563
1590,-6.90409703614827,112.064630004876
3010,-6.89934204241546,112.029943416532
1370,-6.88664555390249,112.052345163176
510,-6.89124655866972,112.064361373912
1790,-6.77432240009138,111.692357746137
1280,-6.88286965958607,112.023726677757
1750,-6.88244330486129,112.036472796174
1150,-6.89269776297954,112.052318057326
730,-6.89305177227264,112.067735778494
1830,-6.8923567418126,112.058926990761
1750,-6.89873336430687,112.050675773245
6340,-6.90005094367176,112.016315996277
2160,-6.89603402347573,112.075460636435
5090,-6.90064606321063,112.009405583193
520,-7.07623130620195,112.177273625459
1850,-7.08076681647029,112.158111785642
2270,-7.02716114030042,112.145380804119
1750,-7.06991881316103,112.204651571786
1730,-6.98771965419797,112.197537727885
3890,-6.98676710597445,112.124535025528
3220,-6.99117346156654,112.18290564458
2420,-7.01559246745521,112.156033787708
3320,-7.09273403717301,112.174505777878
2240,-7.09510268083121,112.164152289839
3710,-7.09945784398594,112.23256149578
3590,-7.04094202692919,112.213539398954
3330,-6.99476532973916,112.170962004327
2530,-7.06703078481338,112.216670914513
2440,-7.0777848503282,112.191843775127
4310,-7.08758088212494,112.172746078644
1310,-7.13607846113648,111.897400655147
1090,-7.14802340284939,111.901620077601
950,-7.16268539561655,111.868804070934
380,-7.15264708844119,111.892619360919
1950,-7.13503876308555,111.928997362322
900,-7.14589804534253,111.893150227239
340,-7.149813051126,111.87389458275
250,-7.15200108681672,111.880622657835
230,-7.15699619090182,111.874069793053
1420,-7.14129581813045,111.869059902784
870,-7.14600340510081,111.875398089282
440,-7.15791870366725,111.891679925001
1490,-7.17579812582965,111.947627706731
1980,-7.14940679284479,111.895299395193
1060,-7.17224266505404,111.871982117695
780,-7.15765132025899,111.927667886633
1350,-7.16911549897981,111.881121077953
340,-7.16095623724594,111.875636203637
4460,-7.24978903715675,111.846201392909
2120,-7.2558997023812,111.852797743455
3430,-7.24333221591266,111.873211561465
4820,-7.2362933843156,111.833498503248
4990,-7.25898042756351,111.879496393889
1730,-7.21695336906838,111.869034454548
3640,-7.15569210244525,111.849295458539
3260,-7.22577649466429,111.868509322903
2430,-7.16275234284894,111.85555202963
5540,-7.190913978713,111.86314190512
2550,-7.24364330916777,111.822594787896
4780,-7.22226616907253,111.845669237521
7190,-7.20662777509379,111.820867760653
4360,-7.25731628310609,111.873798901152
3410,-7.18323323624799,111.863321060779
2660,-7.20560844256809,111.854036647302
1890,-7.17282999745766,111.928237679651
2060,-7.19047195757404,111.873861842076
5080,-7.2196007163232,111.874291670031
1330,-7.16541178108187,111.933640294514
710,-7.17786404613941,111.896410187943
1260,-7.19573799268707,111.933159669111
2170,-7.19945854371439,111.926550230801
600,-7.1795317562244,111.918438209682
1250,-7.22635247914953,111.896564565825
1180,-7.1896758684435,111.920149536828
730,-7.16211421328759,111.903840954455
780,-7.20801632626584,111.884934833192
1770,-7.18855817162979,111.927450927511
1470,-7.15486296648105,111.910725974185
1210,-7.18695579800221,111.874235516473
2590,-7.18753803802792,111.935272995011
2140,-7.18498778069867,111.914331067392
4250,-7.1993179691263,111.88869627722
1320,-7.19795565854881,111.880456335565
600,-7.1722367883148,111.905619574544
4140,-7.1832152295684,111.894612814677
2590,-7.24231380611547,111.953018816815
1350,-7.25054031309362,111.950957156412
2950,-7.26984197256972,111.914927913786
2350,-7.25907893271642,111.928013511975
3670,-7.24796065473265,111.971029527579
5200,-7.26330144748455,111.97984957065
1220,-7.27724421347338,111.916937071959
1920,-7.24839237233003,111.939076641586
3990,-7.22293297137038,111.933045600931
880,-7.230611727024,111.914559900521
3920,-7.26720235013794,111.949994134749
2020,-7.26244609489045,111.922439765728
3250,-7.24040991612832,111.912850822878
1940,-7.25440737588397,111.95243230856
1130,-7.1012012368825,111.71437215055
2040,-7.16199479898915,111.661435548881
4030,-7.14585604809709,111.667694505446
1470,-7.10049611846466,111.713825471982
2620,-7.14339685455217,111.686530564774
2630,-7.10126221949697,111.717988679126
2180,-7.12447712011461,111.70429361798
910,-7.10868243797947,111.730561869391
2080,-7.12107008199244,111.709958326702
1910,-7.1104138977885,111.688092169012
1200,-7.10927141151308,111.726874693054
1090,-7.11055233137712,111.751048542714
2330,-7.11936569928636,111.722318151651
1590,-7.10148009169273,111.736231441448
2380,-7.09913343955984,111.704685041432
2210,-7.10420770855075,111.687450025533
1710,-7.10993207869575,111.760439074923
1680,-7.09867217803179,111.708306627655
1160,-7.10776547919022,111.743018538542
3480,-7.12642630862286,111.774198625883
3050,-7.1307216616619,111.880321988671
1470,-7.1321723141264,111.859636759399
4590,-7.12259564866357,111.812734506296
2950,-7.10918355150879,111.798430646869
2930,-7.13848424954426,111.851252352351
3580,-7.13665288454624,111.838205562202
2190,-7.11189104135802,111.827540056825
580,-7.13331688194997,111.873698706579
2830,-7.11440136159318,111.80937477452
1090,-7.12230248883767,111.851724628864
1680,-7.11789393718697,111.846973320134
1280,-7.16309750691279,111.860366585329
3410,-7.267471038228,111.616863925383
1900,-7.25106973528335,111.708212094014
1760,-7.24173176759277,111.59618407011
4550,-7.24720662636846,111.621309958726
5060,-7.27229489650358,111.584554647712
2210,-7.25298199943832,111.60495835569
1110,-7.27724087149068,111.722698140982
3450,-7.25426432808023,111.654796890526
6000,-7.28468515928672,111.658753325154
6030,-7.2809053731934,111.699519343045
10050,-7.29155933666059,111.596335302796
4610,-7.28199468543152,111.600235585565
1460,-7.22870085561704,111.591080147835
1260,-7.27230313832067,111.716363800968
4540,-7.25996402034055,111.59907625596
3560,-7.26934763310145,111.620079207906
1220,-7.2481651390976,111.60166404753
3250,-7.28942919754507,111.693389946224
3940,-7.22926001405907,111.578802338809
3320,-7.2540558300405,111.530362027776
6580,-7.25880700385082,111.540730141382
2970,-7.25144409752494,111.530223840018
2660,-7.22999971903255,111.5857961546
4130,-7.24864680892352,111.493869156547
4280,-7.23905274733315,111.515666523918
13950,-7.26100357600481,111.55674988556
1490,-7.2603766499136,111.52789089088
2620,-7.24005386117827,111.559984534348
3040,-7.21252888343907,111.564021078853
4250,-7.25852805214818,111.504117907053
3600,-7.260258936141,111.516679607768
2560,-7.21987732103762,111.544888221513
3770,-7.23509603567514,111.548462293625
2840,-7.2297612700384,111.532583871721
2690,-7.28477242163288,111.71425648995
2550,-7.30556739897995,111.738150937315
3850,-7.33325960821479,111.708411291179
3700,-7.2954860110411,111.711469535667
7290,-7.39586503668242,111.792338058747
10400,-7.38104109987071,111.678388762289
7020,-7.38726055640225,111.761485609748
8100,-7.444364342637,111.780302544096
6890,-7.40349660766308,111.738407479945
9170,-7.40741217307858,111.742613352797
4100,-7.27102795032313,111.52564991672
2810,-7.32577534066872,111.458383896709
9310,-7.35580832299194,111.501572771958
8970,-7.3310522622847,111.515973721949
2120,-7.24906037126145,111.455253082329
11530,-7.35637929000867,111.504269402641
5200,-7.32460663313691,111.805956952971
2890,-7.32616171942783,111.81030501292
2710,-7.32949153134554,111.838250420113
3620,-7.3244625460404,111.862919998682
2840,-7.32553552563006,111.857371877418
5130,-7.3953537529301,111.849538791655
4710,-7.4022511616026,111.818153402816
6040,-7.42564483806912,111.780251819911
5000,-7.42304186651943,111.887450138419
5230,-7.39398146466281,111.792713647974
7120,-7.41653670782014,111.839646955445
7970,-7.40174206082778,111.843681885441
3560,-7.33911966588409,111.891802519706
1960,-7.31551205846448,111.915763474188
2210,-7.28064482058586,111.903449507253
3840,-7.31131864984857,111.89781614272
1940,-7.34494120494296,111.911807075605
3250,-7.34868538516451,111.902089533411
2110,-7.31115868009039,111.920336913939
1650,-7.28479543255728,111.916603050791
2360,-7.32861637031624,111.923097785967
2840,-7.34064656631195,111.92424837184
3150,-7.42179965456077,111.929318454375
2950,-7.33321907455398,111.917381556045
4030,-7.2293624594856,112.044340980345
960,-7.18167183864713,112.014227785133
1920,-7.17849172855726,112.047452672286
1770,-7.2025514228871,112.002220889233
4150,-7.17960354024879,112.023674694579
3470,-7.18713703661119,112.050955414165
1990,-7.18930803130992,112.016668164324
1950,-7.20891915306473,112.060876212368
2910,-7.27294011399674,111.981496193891
1520,-7.17794589214773,112.034389609862
1320,-7.16246875693633,112.043182129901
4640,-7.22992756813394,112.041962084743
3610,-7.22086391963282,112.020512351019
2150,-7.19650142032995,112.022329433355
2530,-7.18242201786109,111.993219554117
2400,-7.16755780972738,112.028383812136
3530,-7.21419473557367,112.033105185324
1120,-7.20566473748377,112.007120514638
5350,-7.23472345087675,112.048606001148
1130,-7.17467819200932,112.006159652851
1450,-7.17376480418078,111.999186854749
840,-7.17302418711552,112.017526963186
1500,-7.19874037644021,112.056406813012
5050,-7.24441288339221,112.018890910763
1630,-7.1942955464555,112.032798070106
1690,-7.20404389024316,112.039740381662
6440,-7.31344255049616,112.011825169802
3690,-7.24645535227505,112.001241525198
2300,-7.32049677083299,112.042165708054
1860,-7.28872330417242,112.05654408279
1560,-7.31443520727492,112.038472823735
2340,-7.29949505825316,111.995520832898
7300,-7.25420081070036,112.043036577894
4790,-7.30332692584888,112.046900213047
5470,-7.27221901421087,111.981201115065
4860,-7.168303292151,111.647406998037
3950,-7.29436801101659,112.017466094823
3960,-7.32556542741155,112.069705963498
7400,-7.27902452969462,112.013545171871
2030,-7.32492337035706,112.053055176429
2340,-7.23630356658955,112.147933538701
5920,-7.2528408007033,111.994534312184
5230,-7.30843330374075,112.03838704482
3530,-7.25002519316582,112.081059593946
3900,-7.26501387611152,112.047242318854
4600,-7.27608243047378,112.047928562675
5740,-7.26128293360933,112.005157541195
6390,-7.34648464245543,112.054705418743
1830,-7.31227014625227,112.04594722868
2060,-7.17743693876801,112.074513185574
1940,-7.16424153738671,112.075854660624
1700,-7.1589307,112.117766
2590,-7.31986678002943,112.391129373223
3020,-7.16096171833266,112.100396537238
3100,-7.22415954666008,112.074544001148
3520,-7.17564299363716,112.127060925738
2930,-7.1539522280516,112.133778158788
3300,-7.21575855284149,112.090299539472
2430,-7.18883829872933,112.120752742817
1450,-7.18683217624845,112.088968858936
2130,-7.17226101976322,112.128214384834
2080,-7.18313840517795,112.098378842228
950,-7.16334850332665,112.135549470405
10580,-7.25073351326319,112.080823027533
1090,-7.17419220665915,112.053637641539
5000,-7.22164261273245,112.094285718341
2120,-7.21606188320885,112.107039089695
4530,-7.13739459549928,112.115900970405
2290,-7.17336922639575,112.082640956677
1050,-7.14120534019306,112.105933843112
1180,-7.17791064946228,112.059238285485
2510,-7.15638632928672,112.090314772171
1980,-7.17266187169836,112.078411081058
2180,-7.16890735250287,112.099709244306
3350,-7.13560207863656,112.075233662457
2480,-7.1587849022071,112.051215626077
2350,-7.12587637990451,112.100325858941
1210,-7.13734573636143,112.097087904699
1390,-7.11945353633053,112.12155421273
1560,-7.15239971865843,112.049549141337
1260,-7.12415955337857,112.157790028004
2790,-7.12666187083948,112.140495596614
4280,-7.09008127510688,112.096755355046
1790,-7.10781291570694,112.141264854572
3280,-7.12058339007399,112.081977172485
2150,-7.12110401442223,112.10240109694
2210,-7.10142461686115,112.116459707251
3540,-7.15547358582461,112.061842427273
1080,-7.12384897733506,112.101893933116
2540,-7.11885068251999,112.068741741016
3180,-7.07886670671996,112.07825381633
1310,-7.13328565712567,112.133930725934
1650,-7.1180403978966,112.056161109934
1530,-7.13706493255692,112.084782174632
1380,-7.13609760374464,112.154067844383
1840,-7.10328250569742,112.133682287675
1270,-7.13647440382422,112.145341241452
1970,-7.12742943279039,112.116033771991
1340,-7.12891222601234,112.128027125687
2460,-7.14284944196809,112.038176454881
1890,-7.12854562045598,112.04493207703
1470,-7.14385246916554,111.988504881008
1150,-7.12658292426305,112.022383729608
1900,-7.07716074396874,112.056014161208
2250,-7.12780436600571,111.997024469549
2360,-7.15477266860741,112.033885210611
3180,-7.07488239451147,112.072397194894
3060,-7.15532829177788,112.033788840232
1980,-7.15286344679967,112.016616841063
840,-7.1564937883872,112.003494034315
1680,-7.08037770162202,112.038184287564
640,-7.13473285069038,112.010094166043
2480,-7.03378086396296,112.034419200206
1860,-7.16093056054925,112.015546485285
1780,-7.15501452156291,111.987633411947
1550,-7.13656807092395,112.019670018139
1710,-7.07132379058368,112.019972946634
3100,-7.1427566327028,112.006633154562
2630,-7.12019478372741,112.043347881244
1530,-7.15751627501756,112.045901541657
1610,-7.1167226965496,112.027493472396
1900,-7.10617325649941,112.017548758289
1560,-7.15695631079543,112.001823728031
3210,-7.1065479431329,112.045680700561
2110,-7.20517679799082,111.635394971771
2490,-7.20180727137608,111.660535305028
7280,-7.22122003735003,111.688516456323
6060,-7.22492710658825,111.653692122705
2590,-7.21874234315539,111.706961359056
3080,-7.2353565,111.6978417
1440,-7.18766628314225,111.67430849571
1250,-7.19839972296439,111.68456679131
2700,-7.15437680158994,111.654748382952
1760,-7.19210574301951,111.68079771467
1160,-7.21224226632133,111.686977185477
2350,-7.2078443646813,111.699006588274
1660,-7.15781191661981,111.628809663301
1510,-7.17448595147245,111.605689861241
1210,-7.14989187791254,111.606064363942
1190,-7.17117459075261,111.653895458731
590,-7.18009751690419,111.642865625554
2190,-7.15545233187246,111.621218246537
2190,-7.1817669772512,111.60879376393
3310,-7.19313459032409,111.604768000632
1450,-7.16684924452345,111.625135525698
1220,-7.16013805901632,111.597255046137
1370,-7.15577976712529,111.615377802756
1220,-7.18659761984819,111.583527100788
1740,-7.18542834272651,111.601283369726
1930,-7.17646497805335,111.591120651238
1460,-7.17932301896647,111.624753625971
1690,-7.19500943288476,111.572186670874
2160,-7.13137181241561,111.754159708292
2640,-7.14545527462243,111.754488505274
2050,-7.12816597650874,111.764101102897
5700,-7.13208348492858,111.803755194049
920,-7.12982832709322,111.774265340189
3510,-7.12450374780671,111.784614692946
2110,-7.1166485801946,111.731360718368
1090,-7.1237107,111.8305287
2530,-7.13179705753719,111.801242961202
850,-7.12882408199653,111.824840303485
2480,-7.14509103772724,111.809090444996
1560,-7.12646284895137,111.767276996685
3380,-7.11582778640114,111.783602465384
3410,-7.13429723816166,111.805643943051
1490,-7.14868630663856,111.834584287214
1400,-7.13857957612905,111.725660970064
2170,-7.12515472214408,111.745404729531
4010,-7.14409173206134,111.76247088231
4560,-7.24395027170257,111.711110651416
6420,-7.18427125817476,111.766377574019
3980,-7.28211305184367,111.771472570863
2970,-7.2258854388321,111.761583696632
2720,-7.16295178278078,111.760230508497
4410,-7.17695029110871,111.750340011906
4410,-7.26893696672094,111.764436369844
1940,-7.25961394289457,111.719524037589
2920,-7.2535356434273,111.767301293654
2240,-7.22152951583536,111.761182630919
3250,-7.24744529535856,111.76627636815
1660,-7.23298076782721,111.76771372819
5890,-7.25646587211348,111.771088027118
5170,-7.29209366068776,111.733637633841
1260,-7.21622709805354,111.763829185196
4650,-7.28595806624132,111.766080908527
6360,-7.17207291585881,111.784658243523
2350,-7.1917145907983,111.959302063322
1560,-7.21534078149703,111.980360380547
2890,-7.20058311417725,111.971128001347
4120,-7.20026070466206,111.937935385515
4570,-7.18605138796283,111.944195546651
2560,-7.16274106912364,111.965743278377
1490,-7.20952770101773,111.957795127444
2010,-7.22470049563665,111.964708767165
2220,-7.17566241335356,111.963207429628
4590,-7.18720170631018,111.975695811903
3070,-7.23759009772124,111.956167934322
3490,-7.17767726638537,111.947806508406
1800,-7.14400578599465,111.949092584563
3390,-7.21184937279712,111.935118583652
2350,-7.22119366487148,111.985973026122
1680,-7.1687142244312,111.977281199954
1460,-7.23509870994443,111.977787988964
2420,-7.1685319442086,111.949435608771
3270,-7.13901298115403,111.967062904337
1020,-7.15320367535575,111.948576975228
3010,-7.22147216453667,111.944235257054
4100,-7.19081498081258,111.944469625608
2330,-7.19814630493472,111.955534600529
3450,-7.3199806154415,111.959262886865
3830,-7.28004641650949,111.954552724765
3860,-7.34094329637293,111.981070373605
2160,-7.30476184697807,111.971770514594
1200,-7.34896229697627,111.987624343401
2670,-7.26686636406755,111.958070727939
3960,-7.29071314852474,111.960022185536
2290,-7.2996795422114,111.922750427523
1300,-7.28083472335329,111.928867501459
1600,-7.2799748012665,111.982685550841
550,-7.29837351865454,111.985049827977
1370,-7.29579522932546,111.923083012791
2420,-7.3195406628736,111.974837615193
4090,-7.30887705250615,111.957237332227
4490,-7.13670254061698,112.1163623382
2290,-7.29900072549191,111.968248685352
2880,-7.30470209586904,111.988926170099
2500,-7.14385696707541,111.613809466338
2250,-7.01980392000487,111.619773389399
1690,-7.13094971202664,111.639686584021
3020,-7.146217,111.6252735
2080,-7.070555420521,111.629312471973
3770,-7.03230953589489,111.638326120123
4000,-7.0953042110415,111.617672127178
2500,-7.07140880843257,111.681176858491
1680,-7.13412996114483,111.613700390701
2040,-7.13421492742711,111.62181831813
2440,-7.12794410880676,111.649000756811
2550,-7.13403323328021,111.659183049381
2010,-7.1099990875734,111.663805048768
550,-7.16366378779382,111.649570970072
1380,-7.04825505177737,111.671630118711
1750,-7.16369853529199,111.704691117779
2310,-7.17441177204693,111.668220527994
1090,-7.18258695175431,111.679306385471
1200,-7.16977461526987,111.692969528051
3180,-7.19529239121742,111.716106621698
4270,-7.15984125058733,111.718133212189
2980,-7.13682592598962,111.702709774943
2750,-7.19861211493612,111.693704699606
2600,-7.16419066255483,111.675957027539
1310,-7.18135981033044,111.725567677311
2210,-7.14568378786945,111.690779169439
2810,-7.17537617563119,112.409900065553
2600,-7.2185774141763,112.428677065977
2040,-7.19058758279802,112.417495717374
1720,-7.17125238671511,112.431208392809
1130,-7.16260232890941,112.394364416311
2880,-7.14492039264732,112.427268057434
2750,-7.15157861230792,112.410534066147
1950,-7.24247082203239,112.405310569722
1770,-7.16766970360724,112.413483329239
3100,-7.05014806807045,112.457430813794
3840,-7.18528911566437,112.411721201041
1810,-7.12646582719575,112.42379263778
1950,-7.20038569148579,112.399472345739
490,-7.11560443686692,112.422755345965
410,-7.12308918571648,112.421206112146
1280,-7.10294703794748,112.372595460837
1040,-7.1279572158048,112.366866737438
1090,-7.15280817370604,112.394536114961
1040,-7.11599854169922,112.394041348413
1900,-7.11138202317905,112.379038122639
820,-7.10515287512331,112.38610636078
1630,-7.15395162667783,112.375599510847
1340,-7.1377716,112.37489
1350,-7.1266623921765,112.413933747155
470,-7.11351764937395,112.420695420104
700,-7.16294288266321,112.32652620244
1410,-7.11741641007481,112.403059938905
890,-7.09646453628132,112.373718335712
1900,-7.12825688209895,112.38889209689
340,-7.11168802203804,112.385047728421
370,-7.12761087699531,112.421322828105
1400,-7.1150535693882,112.414596652253
900,-7.14054648623192,112.396309356353
2700,-7.12732073172843,112.340074381736
1860,-7.11514158074613,112.338786974263
3460,-7.13485786257555,112.347412940871
2780,-7.1298154854289,112.360583093208
2950,-7.14941587734725,112.361026839279
3220,-7.11035792831278,112.316149253691
1590,-7.09094590281598,112.314059181956
3790,-7.07676379281244,112.336679403072
3000,-7.11508757085015,112.326289771426
2090,-7.07643461775187,112.318428526683
1970,-7.10602835821606,112.340160276673
2120,-7.08721404958748,112.338684590031
1010,-7.13804296457156,112.319834356228
1460,-7.11942985418875,112.355543470089
3790,-7.09453861395817,112.324436503199
3290,-7.08460008695123,112.326590522202
1840,-7.14903666498776,112.323460116658
2260,-7.13196224142464,112.335139139584
930,-7.098414284908,112.350529201131
600,-7.07676379281244,112.336679403072
1520,-6.9286931351926,112.41544237271
550,-6.91680671648161,112.419916160247
2680,-6.91858606211948,112.312968746942
4340,-6.91621048126468,112.414036747452
7530,-6.91483336706123,112.352625629779
1550,-6.93298582546914,112.357085981897
1070,-6.91668623286149,112.326572212101
1660,-6.9403389365931,112.411368741469
1860,-6.92471948848122,112.320521359231
730,-6.93020776534991,112.338191763432
3010,-6.87493873505285,112.389564419143
5920,-6.87806847630217,112.302989657452
1440,-6.88351272316929,112.388691434214
2150,-6.86975609070009,112.314393045783
1420,-6.8747680300401,112.404155647115
3480,-6.87579581452203,112.383086943537
3320,-6.86913982564868,112.341933314506
940,-6.87757521966484,112.448410091137
4130,-6.89768983080556,112.344933763094
1080,-6.89523588845772,112.348589176472
380,-6.88209421104547,112.430439225827
1050,-6.88125124204145,112.452172096665
1420,-6.88362742570599,112.34253532735
890,-6.89294048377412,112.43843408275
1640,-6.87229705428285,112.373771510206
750,-6.88125082451828,112.454921936584
1390,-6.88049763444376,112.450609463516
2590,-7.01356771286247,112.46065027028
900,-7.00884729253234,112.469139883669
790,-7.04462729022013,112.475669887857
2010,-7.04781539565545,112.457447318333
1810,-7.0121831801257,112.497316287187
1860,-7.03397877589532,112.496955886933
1580,-7.04595110898511,112.426326992336
1200,-7.02665252054893,112.479447010026
940,-7.05927805679424,112.443054480398
1270,-7.04489507808775,112.50728324888
2650,-7.01273165432932,112.437079630138
1740,-7.00563136848756,112.445798143127
1580,-7.0381534676849,112.472923342713
560,-7.04837469065386,112.487085525982
1910,-7.03621092733975,112.461200717281
1920,-7.02206022316354,112.479583910797
1080,-7.01271339497415,112.501907166841
2120,-7.04222676762011,112.422079746356
950,-7.0444505416103,112.416091125574
1270,-7.01374618731646,112.485050841912
1420,-7.02494906785182,112.486828260473
1870,-7.31126191569805,112.337425815774
2230,-7.30540202082625,112.359627808327
4430,-7.26974375861705,112.357895173464
2050,-7.29483889421446,112.39412372914
1840,-7.27936107324663,112.404184329496
2320,-7.30442111241529,112.397512754532
1040,-7.31254674473433,112.385026151653
4030,-7.21416671631502,112.314265040757
2010,-7.29007119156791,112.373181264628
590,-7.26793456051052,112.356531228055
1060,-7.24035276850049,112.341111727637
2780,-7.32259302661145,112.345717025241
1830,-7.2652132170281,112.397641075992
1450,-7.26352849568616,112.359568928268
4600,-7.22707241734132,112.327532327791
1900,-7.16838876720865,112.346941160565
3860,-7.25779115985414,112.362296358525
1660,-7.25241415822081,112.396300456791
2720,-7.18729041996987,112.352605711192
1600,-7.2502000615412,112.388883591915
2310,-7.16022730599111,112.354799810109
3740,-7.1716186571538,112.328230402048
2560,-7.18013741392743,112.353120940347
8130,-7.17895576046525,112.393824621324
1980,-7.17499544193683,112.374941899643
670,-7.20254590456511,112.353659043782
1920,-7.25495477334873,112.357272656691
3610,-7.22612130752406,112.370118333969
3170,-7.2184569626135,112.362732519223
930,-7.1947843221665,112.358441822249
2130,-7.1653559331988,112.324802501061
2130,-7.15618441994471,112.31994785681
2300,-7.1830492,112.3221192
2220,-7.06295275091213,112.340887226771
880,-7.00477165745178,112.312385993258
1050,-7.00606045384103,112.324054841654
780,-6.99953736070432,112.351255101068
2270,-7.04731709460739,112.331567958503
680,-6.99821070522305,112.329252547411
630,-6.99251741222609,112.367635202869
820,-6.99337176322756,112.322597553971
960,-6.99855117871099,112.359594420675
1120,-6.99564917642895,112.347221365673
2330,-7.02205720658976,112.344133428774
3060,-7.01593206996467,112.324576442094
790,-6.99019836753001,112.375559463624
490,-6.97283768570174,112.315043065073
490,-7.00417578202744,112.332472450143
1850,-7.00017135881226,112.367670843436
2300,-7.03602848367919,112.340185483879
1210,-6.98348831016964,112.337875960233
910,-7.09056111291917,112.46118841632
1950,-7.11125829544205,112.448052405272
940,-7.10852719546732,112.441479032251
1750,-7.08284856582545,112.448702363791
2780,-7.08208812443451,112.422776798205
1350,-7.06484985909198,112.441529585916
1720,-7.11753813400458,112.471833560292
1480,-7.1232670682821,112.486735506836
820,-7.06626235231328,112.50991990994
1000,-7.0930825786468,112.470498877911
1070,-7.096913063671,112.470670323412
2500,-7.07729015684454,112.448472854353
940,-7.10355469032668,112.4279260047
1830,-7.11087551526693,112.47322094307
1720,-7.00222224232731,112.433238565917
950,-7.07284552086641,112.458536356228
1680,-7.06984794247549,112.467999587257
2280,-7.06918743860689,112.360727391915
1950,-7.08843706276412,112.398663979323
960,-7.06024237031363,112.396385285098
2750,-7.07225381681108,112.430078591973
4120,-7.0613469546727,112.340442868407
3620,-7.05896608060635,112.358324328524
2350,-7.069462565852,112.376045410184
2340,-7.06271217472541,112.389950102977
2790,-7.05351610509091,112.380982884226
3190,-7.04635880698957,112.431107337085
2660,-7.06356418726514,112.418920198524
1980,-7.04864827771974,112.405861685695
3520,-7.04337948066171,112.379002673856
2000,-7.10121489423796,112.366565142637
1010,-7.09405662329198,112.36553344672
1390,-7.09184532364486,112.393047273339
1490,-7.07878890502385,112.38826452482
850,-7.07889703383229,112.393857793697
4350,-7.0826481541401,112.363989348128
1700,-7.14225105652883,112.467086775858
2360,-7.13990888704139,112.468734674795
1640,-7.18802739011593,112.446255056287
870,-7.19186519499392,112.465821795622
1680,-7.20167174866623,112.422898528834
3320,-7.18623555523577,112.490366391022
900,-7.14017738525055,112.445483330299
3370,-7.15098487856038,112.451225638099
2300,-7.16273186991606,112.502387391679
1780,-7.04253103483201,112.392829936563
470,-7.04240041570316,112.418411830081
2540,-6.99222463438865,112.387940038425
1260,-7.00040270320031,112.427679455007
1810,-7.00960278509311,112.405191398148
970,-6.99495081825047,112.392832306928
1450,-7.03827048470852,112.398282719295
2080,-7.03222069367489,112.38417744284
1290,-6.99557747964006,112.401548719204
940,-6.99555859839845,112.40713788402
1880,-6.99529130813594,112.418924669777
1160,-7.01548189596419,112.393089671648
1170,-7.01181857007406,112.385622198623
870,-6.9925108723166,112.386720849366
2080,-7.04394507594044,112.347857756819
1260,-7.03411400111558,112.361114910295
1270,-7.02760284590197,112.368252530038
440,-7.0047163236373,112.433788969118
1140,-7.04005751865145,112.38990705998
820,-7.01096385667537,112.426993903527
210,-7.09657384226383,112.512791418795
840,-7.07310548385414,112.515117521614
720,-7.06133931357633,112.518841284502
580,-7.09638247629201,112.482137585992
1460,-7.06992364459704,112.497832389631
1270,-7.08142986586631,112.525945713912
570,-7.06174806686303,112.475172351593
920,-7.04469970433195,112.502903064555
940,-7.04884074202044,112.515034094917
820,-7.07604409062259,112.504517436061
1280,-7.05677360826601,112.538616090354
500,-7.09846619966271,112.494893223516
180,-7.04412481724176,112.528646234455
780,-7.04920806259376,112.498616579657
870,-7.07502353554918,112.493105323957
980,-7.09474027747834,112.510954622346
860,-7.04848254751068,112.549753755241
1080,-7.08782454528628,112.492944476577
1160,-7.07638480567956,112.483360066356
1220,-7.04634870493744,112.471377173293
850,-7.0644060429603,112.522703590725
1150,-7.0512041719018,112.476269338107
530,-7.0707629982835,112.47752363899
660,-7.05501888871558,112.457405713396
330,-7.08341152924612,112.495290481516
1430,-7.08984253638638,112.513701117663
2270,-7.09990413784358,112.514924316717
3880,-7.07212599847535,112.52936534613
1330,-7.05437185514467,112.527710967934
2420,-7.17201276444767,112.26994199051
2000,-7.15162484190797,112.257008200519
4130,-7.20088797379478,112.281985790454
4090,-7.20136828947119,112.275184331658
3260,-7.17485621732115,112.304176308656
1670,-7.19891318085568,112.264411527544
1900,-7.14772911421127,112.304600740674
2120,-7.13022461517748,112.288873865039
1550,-7.17196113648448,112.285980430538
2560,-7.23087019319715,112.252926965653
3560,-7.17637645035954,112.273706081689
3430,-7.17235432205414,112.251916449538
2770,-7.14947916731677,112.251305503001
5300,-7.20529238112183,112.299126940726
640,-7.15406841231122,112.271536754111
2700,-7.15951427837283,112.271535622844
4000,-7.14772012775459,112.31258935706
840,-7.1428362888264,112.244954493732
2550,-7.18878007679438,112.244968885271
2760,-7.15836707736827,112.290862418101
7300,-7.16951280136076,112.281023555749
3910,-7.14534381081631,112.219176080719
1800,-7.17094875745985,112.223173788266
2970,-7.22250620636947,112.179775194476
1830,-7.14109071348502,112.173338548073
940,-7.1631917693932,112.179677561317
3410,-7.19294992872403,112.172333275102
4180,-7.18365388306816,112.184245338447
1820,-7.16426270327037,112.205624949076
3850,-7.18629353545719,112.198364513429
2950,-7.135129330536,112.188787898756
1380,-7.14789303928944,112.228163604877
2020,-7.19061873711706,112.224842748511
1810,-7.18483020544255,112.208153505277
450,-7.20155814439415,112.205094881844
2990,-7.15881469303953,112.173878019766
3150,-7.18380792518746,112.234246606352
1660,-7.17299330685438,112.202231104781
3470,-7.16468373641036,112.231137818711
3380,-7.1464299772093,112.206102340489
1680,-7.14313378837691,112.195310367628
3310,-7.21789229366136,112.22073232475
7680,-7.16839453892264,112.204290855526
1790,-7.18007628279215,112.176782750682
2120,-7.19528217994261,112.123693470259
2770,-7.24574554960565,112.089305717928
2440,-7.17428813099608,112.246547492431
3540,-7.24685215048626,112.118086511911
1470,-7.22409678010307,112.11663666646
6610,-7.15894824322266,112.161057276521
2200,-7.18869530577402,112.147420546622
4220,-7.23143411284636,112.107973836458
1250,-7.23950852971444,112.147363943473
1840,-7.14115773131202,112.161602987552
4240,-7.23469727981258,112.16212702079
2580,-7.25258748827255,112.128317286187
2480,-7.16419700059916,112.150942343095
2700,-7.20547057139725,112.15493083965
3150,-7.18318303894763,112.151212585594
1580,-7.2252889483487,112.1196406941
3300,-7.23674086057334,112.166118196763
1720,-7.29506322289229,112.26774311629
1870,-7.31724723295327,112.320774890875
2970,-7.31095817440297,112.285920567248
280,-7.33909799335993,112.267071641334
2020,-7.28877265166265,112.319872483131
4930,-7.33973550571473,112.286524264591
2200,-7.24950702404055,112.303901322758
3890,-7.30854077065443,112.297974813668
1610,-7.32488718572324,112.352218157491
4770,-7.2932192315972,112.320974105077
1010,-7.33870514634287,112.318031074145
1950,-7.28610157547284,112.225273653612
1620,-7.28028387695397,112.200172326124
2830,-7.21660566521872,112.278489756075
1580,-7.31997890387448,112.310470514121
2100,-7.32290814961173,112.229979383118
2590,-7.30941133507352,112.235879458605
1830,-7.28990860013075,112.236533364822
1610,-7.31248828889417,112.25536626233
1690,-7.33544341150014,112.265700328946
1430,-7.23264889946727,112.280897105557
1800,-7.22589391407482,112.292942898164
1760,-7.29508598593717,112.160326462629
2950,-7.28710961284067,112.195109491591
2980,-7.33581631269104,112.204913396494
2170,-7.34161650848945,112.166477150166
1950,-7.3289749841958,112.170363399872
1050,-7.25572421198301,112.213834829191
4150,-7.33583815018986,112.178739014356
3660,-7.28951517222186,112.193914930215
1780,-7.35365807512551,112.158099384909
2200,-7.33195014333417,112.230896371803
1650,-7.33051899241075,112.189468042341
2150,-7.34497918138385,112.184704040661
1640,-7.30525872152869,112.213941470911
5530,-7.31298727461623,112.158705438588
3910,-7.28060632331749,112.20833492785
1530,-7.31749096457099,112.176691099943
1570,-7.28755258159341,112.216345665501
2730,-7.2846698844459,112.187359935774
1520,-7.25613859275627,112.193808565936
2200,-7.31842344897952,112.118491336561
1710,-7.27166373331265,112.142956350542
1670,-7.28622893326619,112.141282012695
2370,-7.31803996341041,112.125980260609
2600,-7.3291210386276,112.132541522024
3750,-7.29864955655722,112.154386434081
1590,-7.31061272873176,112.131773277631
1470,-7.32697006035905,112.14797702287
2620,-7.30367448271744,112.118238601735
2590,-7.07312197422264,112.311048279169
1230,-7.04747237535925,112.303305235638
1920,-7.06875290998096,112.297912588801
1300,-7.11625435972418,112.237545491489
3190,-7.0991633662008,112.294228190144
5870,-7.10975916796355,112.28983662078
2480,-7.09783179225046,112.269403325108
830,-7.05842328953354,112.311994680874
2020,-7.05995596931114,112.34014658991
2290,-7.0937798275208,112.304434883956
2960,-7.08294702008288,112.300381124721
4630,-7.09655323880624,112.270704898834
2960,-7.10969831936165,112.295685786292
1390,-7.09783179225046,112.269403325108
2630,-7.11385565536935,112.254712299351
4680,-7.09940783884804,112.279940816241
1030,-7.095219023352,112.286932823102
1490,-7.3144193306019,112.079653357058
2140,-7.35394025705675,112.095045019516
1410,-7.3576001310729,112.129507965684
2820,-7.32267851247894,112.092410411919
8430,-7.34499919865924,112.146672874877
1990,-7.33184677055379,112.087310866486
4700,-7.35512089724632,112.130926411757
7620,-7.34358674708977,112.115097668723
2440,-7.2996861110233,111.999741309479
1820,-6.8939511629507,112.214473506009
2380,-6.8707000769568,112.287359033717
6170,-6.88502551057904,112.202960549663
4950,-6.92731013057846,112.232935789931
3610,-6.90032626613137,112.175611662981
2100,-6.88027414741692,112.274358071883
1080,-6.9148020341696,112.244439229979
7150,-6.90601864795681,112.204362829526
2600,-6.89392566711162,112.294242113928
1730,-6.90841502552476,112.209253196516
4250,-7.10339678955728,112.176150117407
6880,-7.10767760578524,112.163017105419
5600,-7.09871790366092,112.179043079131
4040,-7.13247145862882,112.230552673764
5030,-7.10495973894357,112.230981593856
4390,-7.09440046079869,112.224971749241
2210,-7.11604027634659,112.189787971519
1390,-7.12393688218665,112.168257371318
3030,-7.09956646661545,112.23757028166
6030,-7.08050829433702,112.21729983649
4060,-7.10180171824236,112.269790448113
2460,-7.11432824797392,112.246433079
4770,-7.12140577920771,112.195476530972
910,-7.09712157298744,112.247685988345
1580,-7.11949746919078,112.234086902587
1420,-7.1001361367265,112.186953451122
6450,-7.12603300196567,112.181271004502
1530,-7.12428636124337,112.24756076274
3680,-7.10424401036514,112.180990252653
1970,-7.11573732916624,112.209333995769
1210,-7.08147467249944,112.19775529388
2200,-7.09741934886277,112.256998998691
3330,-7.07987444894907,112.178158796738
2970,-6.96941519257296,112.368660120746
980,-6.96246512413383,112.356065941294
1270,-7.00848987750104,112.265548241189
1960,-7.02586776729618,112.223834789544
1510,-6.97578115298738,112.230816885401
2530,-7.02982889705113,112.210622528642
1200,-6.95557178831673,112.299051902942
1410,-6.97066402113823,112.257481390184
1330,-6.96112052871506,112.359620001681
1160,-6.99744656646121,112.2294227853
2480,-6.96135299603966,112.339473512176
1480,-6.99229688663407,112.376447384111
3280,-7.00729746145731,112.21473744372
1550,-6.97490928128191,112.310525839156
1440,-7.01329186655042,112.244702543316
2410,-6.9782186027002,112.276178173663
1620,-7.00286777731683,112.239627509832
750,-7.00463775056764,112.254833185904
1760,-6.97631917846852,112.314399866495
1900,-7.06926698200977,112.220708031836
520,-7.06796267817501,112.290891651991
2200,-7.06006610591671,112.27941759551
740,-7.05636205487271,112.246800457674
1890,-7.03951610512722,112.290381697265
660,-7.06798889403927,112.230106579714
3110,-7.04352270944542,112.284701750764
1460,-7.04660894520416,112.221952587885
2790,-7.04042517858692,112.222447502653
1620,-7.06215406790715,112.243624796312
170,-7.06180835526045,112.275205719289
890,-7.06198382107502,112.2493325399
740,-7.06326060978243,112.279074188702
2660,-7.03103667713147,112.282148262905
550,-7.0591413,112.2267642
1490,-7.02528162309134,112.299132356671
1000,-7.02192165052588,112.282448543855
1930,-7.04649686862011,112.283167834108
830,-7.03015856683491,112.309238963406
980,-7.05777291494521,112.214716853655
1590,-7.06589951440123,112.257521167336
1610,-6.97259724149331,112.309227872261
1640,-7.01823497210228,112.245451285511
660,-7.03248270967588,112.226607309098
2340,-6.97816074945682,112.306900597025
1180,-7.01116436452923,112.298104154142
680,-6.98776424439668,112.285377037529
1250,-6.99244964357473,112.299195640836
1780,-7.01461204367775,112.253705390371
270,-7.00269139695036,112.281761417964
790,-7.02274540713267,112.300783640988
1650,-7.01363449798904,112.285572744673
470,-6.98330674046225,112.296387653025
2030,-6.98134682275141,112.285229709225
1770,-6.97887678163452,112.301108305065
 470,-7.01481241674184,112.254594511636
 2030,-7.02543289257988,112.23214663926
 1770,-6.98949732628517,112.303314743738
