<?xml version="1.0" encoding="UTF-8"?>
<project-private xmlns="http://www.netbeans.org/ns/project-private/1">
    <editor-bookmarks xmlns="http://www.netbeans.org/ns/editor-bookmarks/2" lastBookmarkId="0"/>
    <open-files xmlns="http://www.netbeans.org/ns/projectui-open-files/2">
        <group>
            <file>file:/D:/Documents/my-joki/2022/Desember/WisataPalopo/src/WisataPalopo/HalamanUtama.java</file>
            <file>file:/D:/Documents/my-joki/2022/Desember/WisataPalopo/src/WisataPalopo/IstanaKedLuwu.java</file>
            <file>file:/D:/Documents/my-joki/2022/Desember/WisataPalopo/src/WisataPalopo/LapPancasila.java</file>
        </group>
    </open-files>
</project-private>
